date,PV-0.PV_0-P_gen,PV-0.PV_0-mod,Grid-0.0-Bus R17-p_mw,Grid-0.0-Bus R17-vm_pu
2021-05-21 04:00:00,0.0,1.0,0.03325,0.9277940103590099
2021-05-21 04:01:00,0.0,1.0,0.03325,0.9277940103590099
2021-05-21 04:02:00,0.0,1.0,0.03325,0.9277940103590099
2021-05-21 04:03:00,0.0,1.0,0.03325,0.9277940103590099
2021-05-21 04:04:00,0.0,1.0,0.03325,0.9277940103590099
2021-05-21 04:05:00,0.0,1.0,0.03325,0.9277940103590099
2021-05-21 04:06:00,0.0,1.0,0.03325,0.9277940103590099
2021-05-21 04:07:00,0.0,1.0,0.03325,0.9277940103590099
2021-05-21 04:08:00,0.0,1.0,0.03325,0.9277940103590099
2021-05-21 04:09:00,0.0,1.0,0.03325,0.9277940103590099
2021-05-21 04:10:00,0.0,1.0,0.03325,0.9277940103590099
2021-05-21 04:11:00,0.0,1.0,0.03325,0.9277940103590099
2021-05-21 04:12:00,0.0,1.0,0.03325,0.9277940103590099
2021-05-21 04:13:00,0.0,1.0,0.03325,0.9277940103590099
2021-05-21 04:14:00,0.0,1.0,0.03325,0.9277940103590099
2021-05-21 04:15:00,0.0,1.0,0.03325,0.9277940103590099
2021-05-21 04:16:00,0.0,1.0,0.03325,0.9277940103590099
2021-05-21 04:17:00,0.0,1.0,0.03325,0.9277940103590099
2021-05-21 04:18:00,0.0,1.0,0.03325,0.9277940103590099
2021-05-21 04:19:00,0.0,1.0,0.03325,0.9277940103590099
2021-05-21 04:20:00,0.0,1.0,0.03325,0.9277940103590099
2021-05-21 04:21:00,0.0,1.0,0.03325,0.9277940103590099
2021-05-21 04:22:00,0.0,1.0,0.03325,0.9277940103590099
2021-05-21 04:23:00,0.0,1.0,0.03325,0.9277940103590099
2021-05-21 04:24:00,0.0,1.0,0.03325,0.9277940103590099
2021-05-21 04:25:00,0.0,1.0,0.03325,0.9277940103590099
2021-05-21 04:26:00,0.0,1.0,0.03325,0.9277940103590099
2021-05-21 04:27:00,0.0,1.0,0.03325,0.9277940103590099
2021-05-21 04:28:00,0.0,1.0,0.03325,0.9277940103590099
2021-05-21 04:29:00,0.0,1.0,0.03325,0.9277940103590099
2021-05-21 04:30:00,0.0,1.0,0.03325,0.9277940103590099
2021-05-21 04:31:00,0.0,1.0,0.03325,0.9277940103590099
2021-05-21 04:32:00,0.0,1.0,0.03325,0.9277940103590099
2021-05-21 04:33:00,0.0,1.0,0.03325,0.9277940103590099
2021-05-21 04:34:00,0.0,1.0,0.03325,0.9277940103590099
2021-05-21 04:35:00,0.0,1.0,0.03325,0.9277940103590099
2021-05-21 04:36:00,0.0,1.0,0.03325,0.9277940103590099
2021-05-21 04:37:00,0.0,1.0,0.03325,0.9277940103590099
2021-05-21 04:38:00,0.0,1.0,0.03325,0.9277940103590099
2021-05-21 04:39:00,0.0,1.0,0.03325,0.9277940103590099
2021-05-21 04:40:00,0.0,1.0,0.03325,0.9277940103590099
2021-05-21 04:41:00,0.0,1.0,0.03325,0.9277940103590099
2021-05-21 04:42:00,0.0,1.0,0.03325,0.9277940103590099
2021-05-21 04:43:00,0.0,1.0,0.03325,0.9277940103590099
2021-05-21 04:44:00,0.0,1.0,0.03325,0.9277940103590099
2021-05-21 04:45:00,0.0,1.0,0.03325,0.9277940103590099
2021-05-21 04:46:00,0.0,1.0,0.03325,0.9277940103590099
2021-05-21 04:47:00,0.0,1.0,0.03325,0.9277940103590099
2021-05-21 04:48:00,0.0,1.0,0.03325,0.9277940103590099
2021-05-21 04:49:00,0.0,1.0,0.03325,0.9277940103590099
2021-05-21 04:50:00,0.0,1.0,0.03325,0.9277940103590099
2021-05-21 04:51:00,0.0,1.0,0.03325,0.9277940103590099
2021-05-21 04:52:00,0.0,1.0,0.03325,0.9277940103590099
2021-05-21 04:53:00,0.0,1.0,0.03325,0.9277940103590099
2021-05-21 04:54:00,0.0,1.0,0.03325,0.9277940103590099
2021-05-21 04:55:00,0.0,1.0,0.03325,0.9277940103590099
2021-05-21 04:56:00,0.0,1.0,0.03325,0.9277940103590099
2021-05-21 04:57:00,0.0,1.0,0.03325,0.9277940103590099
2021-05-21 04:58:00,0.0,1.0,0.03325,0.9277940103590099
2021-05-21 04:59:00,0.0,1.0,0.03325,0.9277940103590099
2021-05-21 05:00:00,0.0,1.0,0.03325,0.9277940103590099
2021-05-21 05:01:00,0.0,1.0,0.03325,0.9277940103590099
2021-05-21 05:02:00,0.0,1.0,0.03325,0.9277940103590099
2021-05-21 05:03:00,0.0,1.0,0.03325,0.9277940103590099
2021-05-21 05:04:00,0.0,1.0,0.03325,0.9277940103590099
2021-05-21 05:05:00,0.0,1.0,0.03325,0.9277940103590099
2021-05-21 05:06:00,0.0,1.0,0.03325,0.9277940103590099
2021-05-21 05:07:00,0.0,1.0,0.03325,0.9277940103590099
2021-05-21 05:08:00,0.0,1.0,0.03325,0.9277940103590099
2021-05-21 05:09:00,0.0,1.0,0.03325,0.9277940103590099
2021-05-21 05:10:00,0.0,1.0,0.03325,0.9277940103590099
2021-05-21 05:11:00,0.0,1.0,0.03325,0.9277940103590099
2021-05-21 05:12:00,0.0,1.0,0.03325,0.9277940103590099
2021-05-21 05:13:00,0.0,1.0,0.03325,0.9277940103590099
2021-05-21 05:14:00,0.0,1.0,0.03325,0.9277940103590099
2021-05-21 05:15:00,0.0,1.0,0.03325,0.9277940103590099
2021-05-21 05:16:00,0.0,1.0,0.03325,0.9277940103590099
2021-05-21 05:17:00,0.0,1.0,0.03325,0.9277940103590099
2021-05-21 05:18:00,0.0,1.0,0.03325,0.9277940103590099
2021-05-21 05:19:00,0.0,1.0,0.03325,0.9277940103590099
2021-05-21 05:20:00,0.0,1.0,0.03325,0.9277940103590099
2021-05-21 05:21:00,0.0,1.0,0.03325,0.9277940103590099
2021-05-21 05:22:00,0.0,1.0,0.03325,0.9277940103590099
2021-05-21 05:23:00,0.0,1.0,0.03325,0.9277940103590099
2021-05-21 05:24:00,0.0,1.0,0.03325,0.9277940103590099
2021-05-21 05:25:00,0.0,1.0,0.03325,0.9277940103590099
2021-05-21 05:26:00,0.0,1.0,0.03325,0.9277940103590099
2021-05-21 05:27:00,0.0,1.0,0.03325,0.9277940103590099
2021-05-21 05:28:00,0.0,1.0,0.03325,0.9277940103590099
2021-05-21 05:29:00,0.0,1.0,0.03325,0.9277940103590099
2021-05-21 05:30:00,0.0,1.0,0.03325,0.9277940103590099
2021-05-21 05:31:00,0.0,1.0,0.03325,0.9277940103590099
2021-05-21 05:32:00,0.0,1.0,0.03325,0.9277940103590099
2021-05-21 05:33:00,0.0,1.0,0.03325,0.9277940103590099
2021-05-21 05:34:00,0.0,1.0,0.03325,0.9277940103590099
2021-05-21 05:35:00,0.0,1.0,0.03325,0.9277940103590099
2021-05-21 05:36:00,0.0,1.0,0.03325,0.9277940103590099
2021-05-21 05:37:00,0.0,1.0,0.03325,0.9277940103590099
2021-05-21 05:38:00,0.0,1.0,0.03325,0.9277940103590099
2021-05-21 05:39:00,0.0,1.0,0.03325,0.9277940103590099
2021-05-21 05:40:00,0.0,1.0,0.03325,0.9277940103590099
2021-05-21 05:41:00,0.0,1.0,0.03325,0.9277940103590099
2021-05-21 05:42:00,0.0,1.0,0.03325,0.9277940103590099
2021-05-21 05:43:00,0.0,1.0,0.03325,0.9277940103590099
2021-05-21 05:44:00,0.0,1.0,0.03325,0.9277940103590099
2021-05-21 05:45:00,0.0,1.0,0.03325,0.9277940103590099
2021-05-21 05:46:00,0.0,1.0,0.03325,0.9277940103590099
2021-05-21 05:47:00,0.0,1.0,0.03325,0.9277940103590099
2021-05-21 05:48:00,0.0,1.0,0.03325,0.9277940103590099
2021-05-21 05:49:00,0.0,1.0,0.03325,0.9277940103590099
2021-05-21 05:50:00,0.0,1.0,0.03325,0.9277940103590099
2021-05-21 05:51:00,0.0,1.0,0.03325,0.9277940103590099
2021-05-21 05:52:00,0.0,1.0,0.03325,0.9277940103590099
2021-05-21 05:53:00,0.0,1.0,0.03325,0.9277940103590099
2021-05-21 05:54:00,0.0,1.0,0.03325,0.9277940103590099
2021-05-21 05:55:00,0.0,1.0,0.03325,0.9277940103590099
2021-05-21 05:56:00,0.0,1.0,0.03325,0.9277940103590099
2021-05-21 05:57:00,0.0,1.0,0.03325,0.9277940103590099
2021-05-21 05:58:00,0.0,1.0,0.03325,0.9277940103590099
2021-05-21 05:59:00,0.0,1.0,0.03325,0.9277940103590099
2021-05-21 06:00:00,0.0,1.0,0.03325,0.9277940103590099
2021-05-21 06:01:00,0.0,1.0,0.03325,0.9277940103590099
2021-05-21 06:02:00,0.0,1.0,0.03325,0.9277940103590099
2021-05-21 06:03:00,0.0,1.0,0.03325,0.9277940103590099
2021-05-21 06:04:00,0.0,1.0,0.03325,0.9277940103590099
2021-05-21 06:05:00,0.0,1.0,0.03325,0.9277940103590099
2021-05-21 06:06:00,0.0,1.0,0.03325,0.9277940103590099
2021-05-21 06:07:00,0.0,1.0,0.03325,0.9277940103590099
2021-05-21 06:08:00,0.0,1.0,0.03325,0.9277940103590099
2021-05-21 06:09:00,0.0,1.0,0.03325,0.9277940103590099
2021-05-21 06:10:00,0.0,1.0,0.03325,0.9277940103590099
2021-05-21 06:11:00,0.0,1.0,0.03325,0.9277940103590099
2021-05-21 06:12:00,0.0,1.0,0.03325,0.9277940103590099
2021-05-21 06:13:00,0.0,1.0,0.03325,0.9277940103590099
2021-05-21 06:14:00,0.0,1.0,0.03325,0.9277940103590099
2021-05-21 06:15:00,0.0,1.0,0.03325,0.9277940103590099
2021-05-21 06:16:00,0.0,1.0,0.03325,0.9277940103590099
2021-05-21 06:17:00,0.0,1.0,0.03325,0.9277940103590099
2021-05-21 06:18:00,0.0,1.0,0.03325,0.9277940103590099
2021-05-21 06:19:00,0.0,1.0,0.03325,0.9277940103590099
2021-05-21 06:20:00,0.0,1.0,0.03325,0.9277940103590099
2021-05-21 06:21:00,0.0,1.0,0.03325,0.9277940103590099
2021-05-21 06:22:00,0.0,1.0,0.03325,0.9277940103590099
2021-05-21 06:23:00,0.0,1.0,0.03325,0.9277940103590099
2021-05-21 06:24:00,0.0,1.0,0.03325,0.9277940103590099
2021-05-21 06:25:00,0.0,1.0,0.03325,0.9277940103590099
2021-05-21 06:26:00,0.0,1.0,0.03325,0.9277940103590099
2021-05-21 06:27:00,0.0,1.0,0.03325,0.9277940103590099
2021-05-21 06:28:00,0.0,1.0,0.03325,0.9277940103590099
2021-05-21 06:29:00,0.0,1.0,0.03325,0.9277940103590099
2021-05-21 06:30:00,0.0,1.0,0.03325,0.9277940103590099
2021-05-21 06:31:00,0.0,1.0,0.03325,0.9277940103590099
2021-05-21 06:32:00,0.0,1.0,0.03325,0.9277940103590099
2021-05-21 06:33:00,0.0,1.0,0.03325,0.9277940103590099
2021-05-21 06:34:00,0.0,1.0,0.03325,0.9277940103590099
2021-05-21 06:35:00,0.0,1.0,0.03325,0.9277940103590099
2021-05-21 06:36:00,0.0,1.0,0.03325,0.9277940103590099
2021-05-21 06:37:00,0.0,1.0,0.03325,0.9277940103590099
2021-05-21 06:38:00,0.0,1.0,0.03325,0.9277940103590099
2021-05-21 06:39:00,0.0,1.0,0.03325,0.9277940103590099
2021-05-21 06:40:00,0.0,1.0,0.03325,0.9277940103590099
2021-05-21 06:41:00,0.0,1.0,0.03325,0.9277940103590099
2021-05-21 06:42:00,0.0,1.0,0.03325,0.9277940103590099
2021-05-21 06:43:00,0.0,1.0,0.03325,0.9277940103590099
2021-05-21 06:44:00,0.0,1.0,0.03325,0.9277940103590099
2021-05-21 06:45:00,0.0,1.0,0.03325,0.9277940103590099
2021-05-21 06:46:00,0.0,1.0,0.03325,0.9277940103590099
2021-05-21 06:47:00,0.0,1.0,0.03325,0.9277940103590099
2021-05-21 06:48:00,0.0,1.0,0.03325,0.9277940103590099
2021-05-21 06:49:00,0.0,1.0,0.03325,0.9277940103590099
2021-05-21 06:50:00,0.0,1.0,0.03325,0.9277940103590099
2021-05-21 06:51:00,0.0,1.0,0.03325,0.9277940103590099
2021-05-21 06:52:00,0.0,1.0,0.03325,0.9277940103590099
2021-05-21 06:53:00,0.0,1.0,0.03325,0.9277940103590099
2021-05-21 06:54:00,0.0,1.0,0.03325,0.9277940103590099
2021-05-21 06:55:00,0.0,1.0,0.03325,0.9277940103590099
2021-05-21 06:56:00,0.0,1.0,0.03325,0.9277940103590099
2021-05-21 06:57:00,0.0,1.0,0.03325,0.9277940103590099
2021-05-21 06:58:00,0.0,1.0,0.03325,0.9277940103590099
2021-05-21 06:59:00,0.0,1.0,0.03325,0.9277940103590099
2021-05-21 07:00:00,0.0,1.0,0.03325,0.9277940103590099
2021-05-21 07:01:00,0.0,1.0,0.03325,0.9277940103590099
2021-05-21 07:02:00,0.0,1.0,0.03325,0.9277940103590099
2021-05-21 07:03:00,0.0,1.0,0.03325,0.9277940103590099
2021-05-21 07:04:00,0.0,1.0,0.03325,0.9277940103590099
2021-05-21 07:05:00,0.0,1.0,0.03325,0.9277940103590099
2021-05-21 07:06:00,0.0,1.0,0.03325,0.9277940103590099
2021-05-21 07:07:00,0.0,1.0,0.03325,0.9277940103590099
2021-05-21 07:08:00,0.0,1.0,0.03325,0.9277940103590099
2021-05-21 07:09:00,0.0,1.0,0.03325,0.9277940103590099
2021-05-21 07:10:00,0.0,1.0,0.03325,0.9277940103590099
2021-05-21 07:11:00,0.0,1.0,0.03325,0.9277940103590099
2021-05-21 07:12:00,0.0,1.0,0.03325,0.9277940103590099
2021-05-21 07:13:00,0.0,1.0,0.03325,0.9277940103590099
2021-05-21 07:14:00,0.0,1.0,0.03325,0.9277940103590099
2021-05-21 07:15:00,0.0,1.0,0.03325,0.9277940103590099
2021-05-21 07:16:00,0.0,1.0,0.03325,0.9277940103590099
2021-05-21 07:17:00,0.0,1.0,0.03325,0.9277940103590099
2021-05-21 07:18:00,0.0,1.0,0.03325,0.9277940103590099
2021-05-21 07:19:00,0.0,1.0,0.03325,0.9277940103590099
2021-05-21 07:20:00,0.0,1.0,0.03325,0.9277940103590099
2021-05-21 07:21:00,0.0,1.0,0.03325,0.9277940103590099
2021-05-21 07:22:00,0.0,1.0,0.03325,0.9277940103590099
2021-05-21 07:23:00,0.0,1.0,0.03325,0.9277940103590099
2021-05-21 07:24:00,0.0,1.0,0.03325,0.9277940103590099
2021-05-21 07:25:00,0.0,1.0,0.03325,0.9277940103590099
2021-05-21 07:26:00,0.0,1.0,0.03325,0.9277940103590099
2021-05-21 07:27:00,0.0,1.0,0.03325,0.9277940103590099
2021-05-21 07:28:00,0.0,1.0,0.03325,0.9277940103590099
2021-05-21 07:29:00,0.0,1.0,0.03325,0.9277940103590099
2021-05-21 07:30:00,0.0,1.0,0.03325,0.9277940103590099
2021-05-21 07:31:00,0.0,1.0,0.03325,0.9277940103590099
2021-05-21 07:32:00,0.0,1.0,0.03325,0.9277940103590099
2021-05-21 07:33:00,0.0,1.0,0.03325,0.9277940103590099
2021-05-21 07:34:00,0.0,1.0,0.03325,0.9277940103590099
2021-05-21 07:35:00,0.0,1.0,0.03325,0.9277940103590099
2021-05-21 07:36:00,0.0,1.0,0.03325,0.9277940103590099
2021-05-21 07:37:00,0.0,1.0,0.03325,0.9277940103590099
2021-05-21 07:38:00,0.0,1.0,0.03325,0.9277940103590099
2021-05-21 07:39:00,0.0,1.0,0.03325,0.9277940103590099
2021-05-21 07:40:00,0.0,1.0,0.03325,0.9277940103590099
2021-05-21 07:41:00,0.0,1.0,0.03325,0.9277940103590099
2021-05-21 07:42:00,0.0,1.0,0.03325,0.9277940103590099
2021-05-21 07:43:00,0.0,1.0,0.03325,0.9277940103590099
2021-05-21 07:44:00,0.0,1.0,0.03325,0.9277940103590099
2021-05-21 07:45:00,0.0,1.0,0.03325,0.9277940103590099
2021-05-21 07:46:00,0.0,1.0,0.03325,0.9277940103590099
2021-05-21 07:47:00,0.0,1.0,0.03325,0.9277940103590099
2021-05-21 07:48:00,0.0,1.0,0.03325,0.9277940103590099
2021-05-21 07:49:00,0.0,1.0,0.03325,0.9277940103590099
2021-05-21 07:50:00,0.0,1.0,0.03325,0.9277940103590099
2021-05-21 07:51:00,0.0,1.0,0.03325,0.9277940103590099
2021-05-21 07:52:00,0.0,1.0,0.03325,0.9277940103590099
2021-05-21 07:53:00,0.0,1.0,0.03325,0.9277940103590099
2021-05-21 07:54:00,0.0,1.0,0.03325,0.9277940103590099
2021-05-21 07:55:00,0.0,1.0,0.03325,0.9277940103590099
2021-05-21 07:56:00,0.0,1.0,0.03325,0.9277940103590099
2021-05-21 07:57:00,0.0,1.0,0.03325,0.9277940103590099
2021-05-21 07:58:00,0.0005390986339521356,1.0,0.03271090136604787,0.9280756219865709
2021-05-21 07:59:00,0.0032359782145212745,1.0,0.03001402178547874,0.9294814179391658
2021-05-21 08:00:00,0.00588748124835883,1.0,0.027362518751641196,0.9308587425950856
2021-05-21 08:01:00,0.008373006430302971,1.0,0.024876993569697026,0.9321455533191698
2021-05-21 08:02:00,0.010472583513849854,1.0,0.02277741648615017,0.9332293390572189
2021-05-21 08:03:00,0.012081058662468225,1.0,0.021168941337531777,0.934057646991053
2021-05-21 08:04:00,0.013157749128913909,1.0,0.02009225087108607,0.9346111528575907
2021-05-21 08:05:00,0.01372604363448734,1.0,0.019523956365512685,0.9349029955916464
2021-05-21 08:06:00,0.013872996672845606,1.0,0.01937700332715442,0.9349784276625732
2021-05-21 08:07:00,0.013748916765516619,1.0,0.019501083234483407,0.9349147374653356
2021-05-21 08:08:00,0.013566948696586511,1.0,0.019683051303413468,0.9348213150703939
2021-05-21 08:09:00,0.013602649754350792,1.0,0.01964735024564923,0.934839645699494
2021-05-21 08:10:00,0.01419356000804396,1.0,0.019056439991956053,0.9351429261923103
2021-05-21 08:11:00,0.015183516371731086,1.0,0.018066483628268903,0.935650503541008
2021-05-21 08:12:00,0.016162958045448622,1.0,0.017087041954551352,0.9361520621472472
2021-05-21 08:13:00,0.01713563404828794,1.0,0.016114365951712062,0.9366495405271162
2021-05-21 08:14:00,0.018105398198019162,1.0,0.01514460180198085,0.9371449210063099
2021-05-21 08:15:00,0.019076208034687264,1.0,0.014173791965312765,0.9376402290465434
2021-05-21 08:16:00,0.020052123733471656,1.0,0.013197876266528352,0.9381375324757881
2021-05-21 08:17:00,0.021037307006874298,1.0,0.012212692993125718,0.9386389406155604
2021-05-21 08:18:00,0.022036019996306243,1.0,0.01121398000369378,0.9391466032984993
2021-05-21 08:19:00,0.023052624153137267,1.0,0.010197375846862755,0.9396627097698258
2021-05-21 08:20:00,0.024091579109279317,1.0,0.009158420890720664,0.9401894874664147
2021-05-21 08:21:00,0.026998598312695864,1.0,0.006251401687304148,0.9416598144605898
2021-05-21 08:22:00,0.03350243011451336,1.0,-0.00025243011451336894,0.9449303309654213
2021-05-21 08:23:00,0.04335412383891426,1.0,-0.010104123838914236,0.9498353578815735
2021-05-21 08:24:00,0.05620128674315562,1.0,-0.022951286743155608,0.956145970107003
2021-05-21 08:25:00,0.07158884890854778,1.0,-0.038338848908547773,0.9635818001913709
2021-05-21 08:26:00,0.08895983782676634,1.0,-0.055709837826766306,0.9718230485395901
2021-05-21 08:27:00,0.10765616262952135,1.0,-0.07440616262952135,0.9805210396470027
2021-05-21 08:28:00,0.12691940790907164,1.0,-0.09366940790907163,0.989306178280322
2021-05-21 08:29:00,0.1458916370765971,1.0,-0.1126416370765971,0.997792677924427
2021-05-21 08:30:00,0.1636162052048892,1.0,-0.1303662052048892,1.0055797998876523
2021-05-21 08:31:00,0.181346066025322,1.0,-0.148096066025322,1.0132391745206575
2021-05-21 08:32:00,0.2007627751199728,1.0,-0.16751277511997278,1.0214849270656217
2021-05-21 08:33:00,0.2214376477599732,1.0,-0.1881876477599732,1.0301091082934384
2021-05-21 08:34:00,0.24288715947219733,1.0,-0.20963715947219733,1.0388947395713493
2021-05-21 08:35:00,0.26457340694098314,1.0,-0.23132340694098313,1.0476180921973963
2021-05-21 08:36:00,0.28590457408478553,1.0,-0.25265457408478553,1.0560498369076354
2021-05-21 08:37:00,0.3062354032767232,1.0,-0.2729854032767232,1.0639550650751848
2021-05-21 08:38:00,0.32486767167774927,1.0,-0.29161767167774927,1.0710921841241916
2021-05-21 08:39:00,0.34105067265086964,1.0,-0.30780067265086963,1.0772106884744006
2021-05-21 08:40:00,0.3539817022245797,1.0,-0.3207317022245797,1.0820476487651831
2021-05-21 08:41:00,0.364956888022892,1.0,-0.331706888022892,1.08611769704245
2021-05-21 08:42:00,0.3758068298737137,1.0,-0.3425568298737137,1.0901101420574684
2021-05-21 08:43:00,0.38649031689099334,1.0,-0.35324031689099333,1.094011691214144
2021-05-21 08:44:00,0.39696413913006556,1.0,-0.36371413913006556,1.0978086875935635
2021-05-21 08:45:00,0.40718310827472004,1.0,-0.37393310827472004,1.1014871072541272
2021-05-21 08:46:00,0.374826947822836,0.8986499095229228,-0.341576947822836,1.0897508311584816
2021-05-21 08:47:00,0.38621218108557265,0.9051862824251078,-0.35296218108557265,1.0939104855341906
2021-05-21 08:48:00,0.3971721584980312,0.9113011049318733,-0.3639221584980312,1.0978838224202176
2021-05-21 08:49:00,0.40765150000848355,0.917021564099181,-0.37440150000848355,1.1016550976567245
2021-05-21 08:50:00,0.3752064077831175,0.828750035159926,-0.3419564077831175,1.0898900039220845
2021-05-21 08:51:00,0.38467611426731124,0.8397944617056918,-0.35142611426731124,1.0933512023490788
2021-05-21 08:52:00,0.38982167271287893,0.8501265998849243,-0.35657167271287893,1.095222361177522
2021-05-21 08:53:00,0.3910274436695799,0.8597923873219082,-0.3577774436695799,1.0956598709975613
2021-05-21 08:54:00,0.38876636791071023,0.8688347989850376,-0.35551636791071023,1.0948391481140691
2021-05-21 08:55:00,0.3835964651152886,0.8772940382574264,-0.3503464651152886,1.0929577435231228
2021-05-21 08:56:00,0.37615747613814476,0.8852077156848,-0.34290747613814476,1.0902386596671843
2021-05-21 08:57:00,0.3671676564708492,0.892611016195395,-0.3339176564708492,1.0869336835396044
2021-05-21 08:58:00,0.35742072526477175,0.8995368555353447,-0.32417072526477175,1.0833264301193772
2021-05-21 08:59:00,0.3477829716045842,0.9060160266150744,-0.3145329716045842,1.0797346415104476
2021-05-21 09:00:00,0.3391905175137585,0.9120773364173764,-0.3059405175137585,1.076511115545208
2021-05-21 09:01:00,0.32963812534094966,0.9177477340758706,-0.29638812534094966,1.072903455386047
2021-05-21 09:02:00,0.31700141468471865,0.9230524306932989,-0.28375141468471865,1.0680912928301218
2021-05-21 09:03:00,0.3021476475343971,0.9280150114323766,-0.2688976475343971,1.062375627758599
2021-05-21 09:04:00,0.28602054102871394,0.9326575403775672,-0.25277054102871394,1.0560952855340178
2021-05-21 09:05:00,0.26963756375863174,0.9370006586340044,-0.23638756375863174,1.0496329348364593
2021-05-21 09:06:00,0.2540873883015857,0.9410636760997197,-0.22083738830158572,1.0434195592126296
2021-05-21 09:07:00,0.2405274936410802,0.944864657319202,-0.2072774936410802,1.0379360404788063
2021-05-21 09:08:00,0.23018191054257775,0.9484205018000016,-0.19693191054257775,1.033710140758657
2021-05-21 09:09:00,0.22433910255265588,0.9517470191494757,-0.19108910255265588,1.0313069819276002
2021-05-21 09:10:00,0.2243499750354771,0.9548589993657376,-0.1910999750354771,1.0313114650208886
2021-05-21 09:11:00,0.229203496169669,0.9577702785953308,-0.195953496169669,1.0333085558163893
2021-05-21 09:12:00,0.2366181329782039,0.9604938006499928,-0.20336813297820389,1.0363435229311277
2021-05-21 09:13:00,0.24605493875190804,0.9630416745560167,-0.21280493875190803,1.0401787854025746
2021-05-21 09:14:00,0.25693622632309643,0.9654252283920819,-0.22368622632309643,1.0445637888458839
2021-05-21 09:15:00,0.26864674705444885,0.9676550596549197,-0.23539674705444885,1.049239374700651
2021-05-21 09:16:00,0.2805348032038702,0.9697410823767464,-0.2472848032038702,1.0539407968024868
2021-05-21 09:17:00,0.29191329782163,0.9716925712039499,-0.25866329782163,1.0583992659021837
2021-05-21 09:18:00,0.30206072627672864,0.97351820263301,-0.26881072627672864,1.0623419888600274
2021-05-21 09:19:00,0.31022211341966244,0.975226093586989,-0.27697211341966244,1.0654906930362154
2021-05-21 09:20:00,0.31560990027475017,0.9768238375041086,-0.28235990027475016,1.0675585873306574
2021-05-21 09:21:00,0.3176344754319077,0.9783185380988658,-0.2843844754319077,1.0683334581745654
2021-05-21 09:22:00,0.31655570654308457,0.979716840945792,-0.28330570654308457,1.0679207260491617
2021-05-21 09:23:00,0.3128575949725012,0.9810249630262812,-0.2796075949725012,1.0665032803131616
2021-05-21 09:24:00,0.3070518987873007,0.9822487203698528,-0.2738018987873007,1.0642699503476092
2021-05-21 09:25:00,0.2996774091529773,0.9833935539127479,-0.2664274091529773,1.0614187540320477
2021-05-21 09:26:00,0.2912992632965635,0.9844645536888247,-0.2580492632965635,1.0581596845966041
2021-05-21 09:27:00,0.2825082912502706,0.9854664814603118,-0.2492582912502706,1.0547169502141631
2021-05-21 09:28:00,0.273920393721404,0.9864037918890352,-0.24067039372140397,1.051330498217628
2021-05-21 09:29:00,0.2661759485696914,0.9872806523422488,-0.2329259485696914,1.0482565793150571
2021-05-21 09:30:00,0.25993924350904674,0.9881009614211282,-0.22668924350904673,1.0457670477848506
2021-05-21 09:31:00,0.25417731220397266,0.9888683662943047,-0.22092731220397266,1.0434557180219057
2021-05-21 09:32:00,0.2476226678015643,0.9895862789135087,-0.2143726678015643,1.040813001721681
2021-05-21 09:33:00,0.24061541395010239,0.9902578911834163,-0.20736541395010238,1.0379717953826288
2021-05-21 09:34:00,0.23350873888478635,0.9908861891531479,-0.20025873888478635,1.0350731132436617
2021-05-21 09:35:00,0.22666862654892417,0.9914739662925129,-0.19341862654892417,1.0322665653221532
2021-05-21 09:36:00,0.2204735784030778,0.9920238359120308,-0.1872235784030778,1.0297104236101808
2021-05-21 09:37:00,0.21531434494151594,0.9925382427819465,-0.18206434494151594,1.0275711693492746
2021-05-21 09:38:00,0.21159366600075027,0.9930194740019008,-0.17834366600075027,1.0260224115099565
2021-05-21 09:39:00,0.20972601900773663,0.9934696691695835,-0.17647601900773663,1.025243080835613
2021-05-21 09:40:00,0.21013737437543945,0.993890829893578,-0.17688737437543944,1.0254148410535893
2021-05-21 09:41:00,0.21253536591067937,0.9942848286926959,-0.17928536591067937,1.0264148782958116
2021-05-21 09:42:00,0.216292458643551,0.9946534173213647,-0.183042458643551,1.027977479200818
2021-05-21 09:43:00,0.2213375331496154,0.9949982345580877,-0.1880875331496154,1.0300677220343268
2021-05-21 09:44:00,0.22759578228358426,0.9953208134916013,-0.19434578228358426,1.0326479472966823
2021-05-21 09:45:00,0.23498878746375712,0.9956225883371272,-0.20173878746375712,1.0356782368461437
2021-05-21 09:46:00,0.24343459247128052,0.9959049008130236,-0.21018459247128052,1.039116882662496
2021-05-21 09:47:00,0.2528477749859397,0.9961690061061863,-0.2195977749859397,1.0429208314072573
2021-05-21 09:48:00,0.2631395160649841,0.9964160784527238,-0.2298895160649841,1.047046093757944
2021-05-21 09:49:00,0.274217667757002,0.9966472163587178,-0.240967667757002,1.051448110466964
2021-05-21 09:50:00,0.2859868190291499,0.9968634474842808,-0.2527368190291499,1.0560820699677438
2021-05-21 09:51:00,0.3056023773338917,0.9970657332126261,-0.27235237733389167,1.0637107998337774
2021-05-21 09:52:00,0.33819029348809515,0.9972549729244655,-0.30494029348809515,1.0761345524273211
2021-05-21 09:53:00,0.38053602835942507,0.9974320079967366,-0.34728602835942507,1.0918408115264668
2021-05-21 09:54:00,0.4293298784177788,0.9975976255434418,-0.3960798784177788,1.1093725871961853
2021-05-21 09:55:00,0.4289868173080548,0.8895477456329856,-0.3957368173080548,1.1092513234013688
2021-05-21 09:56:00,0.4266914671281424,0.7995256574390609,-0.3934414671281424,1.1084392645198773
2021-05-21 09:57:00,0.42128104408333616,0.7250236231028361,-0.38803104408333616,1.106520242986284
2021-05-21 09:58:00,0.4122165806660755,0.6641051625674452,-0.3789665806660755,1.1032895979850752
2021-05-21 09:59:00,0.3991530443376274,0.615146525570194,-0.3659030443376274,1.098598765487683
2021-05-21 10:00:00,0.4234724283816649,0.6399668864572294,-0.3902224283816649,1.1072983361062263
2021-05-21 10:01:00,0.3921433886417214,0.5924967149029452,-0.3588933886417214,1.0960644633949688
2021-05-21 10:02:00,0.40540450217083107,0.6187778303683745,-0.37215450217083107,1.1008487177269226
2021-05-21 10:03:00,0.3717950600935663,0.5785315854826949,-0.3385450600935663,1.0886375024446644
2021-05-21 10:04:00,0.3787563338371857,0.6057133542488597,-0.3455063338371857,1.0911901980983347
2021-05-21 10:05:00,0.3813124331225711,0.6311420887951212,-0.3480624331225711,1.0921243928278803
2021-05-21 10:06:00,0.38004364580831784,0.6549308475836637,-0.34679364580831784,1.0916608893841508
2021-05-21 10:07:00,0.375664256516243,0.6771853975955775,-0.342414256516243,1.0900578775233845
2021-05-21 10:08:00,0.369006748261536,0.6980046845804583,-0.335756748261536,1.0876115096375514
2021-05-21 10:09:00,0.36100770368411117,0.7174812729781921,-0.32775770368411117,1.0846568636349843
2021-05-21 10:10:00,0.3526952442594886,0.7357017574688578,-0.3194452442594886,1.0815684707019195
2021-05-21 10:11:00,0.34129204906987237,0.7527471479805359,-0.30804204906987237,1.0773013960461983
2021-05-21 10:12:00,0.3241135923153804,0.7686932298668023,-0.2908635923153804,1.0708052793260472
2021-05-21 10:13:00,0.30252383841109726,0.7836109008552908,-0.26927383841109725,1.062521189221746
2021-05-21 10:14:00,0.27805053697242715,0.7975664862654253,-0.24480053697242715,1.0529620262682686
2021-05-21 10:15:00,0.2523670110225725,0.8106220338968114,-0.21911701102257247,1.0427272703736663
2021-05-21 10:16:00,0.22727589412351992,0.8228355898993861,-0.19402589412351992,1.032516396820573
2021-05-21 10:17:00,0.20469462779591985,0.8342614568518696,-0.17144462779591985,1.023137177750115
2021-05-21 10:18:00,0.1866425467547672,0.8449504351959598,-0.1533925467547672,1.0155029198035328
2021-05-21 10:19:00,0.17522939441519084,0.854950049099708,-0.14197939441519083,1.0106110719235006
2021-05-21 10:20:00,0.17264512489823422,0.8643047577542836,-0.13939512489823422,1.0094962096678284
2021-05-21 10:21:00,0.17559061506589865,0.8730561530435749,-0.14234061506589865,1.0107666897343295
2021-05-21 10:22:00,0.17920966021589102,0.8812431444654796,-0.14595966021589102,1.0123229336764785
2021-05-21 10:23:00,0.18340363455372893,0.8889021321270654,-0.15015363455372893,1.0141198992879639
2021-05-21 10:24:00,0.18806458331129441,0.8960671685827499,-0.1548145833112944,1.016108837544533
2021-05-21 10:25:00,0.1930761187717927,0.9027701102350489,-0.1598261187717927,1.0182379663607148
2021-05-21 10:26:00,0.1983142264518105,0.9090407589710341,-0.1650642264518105,1.020453056775472
2021-05-21 10:27:00,0.20364799002159864,0.9149069946642279,-0.17039799002159864,1.0226979227328112
2021-05-21 10:28:00,0.20894024280650553,0.9203948991310524,-0.17569024280650553,1.024914809071102
2021-05-21 10:29:00,0.21404815303193495,0.9255288720929531,-0.18079815303193494,1.0270446751298736
2021-05-21 10:30:00,0.21882374934723506,0.9303317396597746,-0.18557374934723506,1.0290273733457505
2021-05-21 10:31:00,0.22364062652500424,0.9348248558167178,-0.19039062652500424,1.0310188884623406
2021-05-21 10:32:00,0.22886710700123522,0.9390281973660967,-0.19561710700123522,1.0331704090036828
2021-05-21 10:33:00,0.2343388220486136,0.9429604527460143,-0.20108882204861359,1.0354125896480286
2021-05-21 10:34:00,0.2398852971927214,0.9466391051208553,-0.2066352971927214,1.037674795604042
2021-05-21 10:35:00,0.2453304771178853,0.9500805101130222,-0.2120804771178853,1.0398854279507583
2021-05-21 10:36:00,0.2504931993925759,0.9532999685215171,-0.21724319939257591,1.0419721169129257
2021-05-21 10:37:00,0.2551876221382868,0.9563117943506828,-0.22193762213828677,1.043861783982955
2021-05-21 10:38:00,0.2592236103057223,0.959129378451566,-0.22597361030572227,1.0454805742459117
2021-05-21 10:39:00,0.262407084799668,0.9617652480588562,-0.229157084799668,1.0467536592385462
2021-05-21 10:40:00,0.26454033830631557,0.9642311224881088,-0.23129033830631557,1.0476049081867065
2021-05-21 10:41:00,0.26495361497304865,0.9665379652408854,-0.23170361497304864,1.047769650465694
2021-05-21 10:42:00,0.26340486020087756,0.9686960327494776,-0.23015486020087755,1.0471519934583056
2021-05-21 10:43:00,0.2603445564495296,0.9707149199779352,-0.22709455644952958,1.0459292233038069
2021-05-21 10:44:00,0.25623468860466914,0.9726036030821485,-0.22298468860466913,1.0442822667170155
2021-05-21 10:45:00,0.251547883212929,0.9743704793186513,-0.21829788321292898,1.0423973028248799
2021-05-21 10:46:00,0.24676662344361774,0.976023404379586,-0.21351662344361774,1.0404667963632919
2021-05-21 10:47:00,0.24238253214629424,0.9775697273198242,-0.20913253214629424,1.0386898762556838
2021-05-21 10:48:00,0.23889571606569648,0.9790163232315316,-0.20564571606569648,1.0372719581582077
2021-05-21 10:49:00,0.23681416491018603,0.9803696238114522,-0.20356416491018603,1.0364235038293232
2021-05-21 10:50:00,0.2366531995513654,0.9816356459568152,-0.2034031995513654,1.0363578310443118
2021-05-21 10:51:00,0.24274709672189562,0.982820018517007,-0.20949709672189562,1.0388378870584727
2021-05-21 10:52:00,0.2576917259082225,0.9839280073199461,-0.22444172590822248,1.044866784045259
2021-05-21 10:53:00,0.2793698163804525,0.9849645385844326,-0.2461198163804525,1.053482047308132
2021-05-21 10:54:00,0.30562599287679526,0.9859342208225633,-0.27237599287679526,1.063719914478375
2021-05-21 10:55:00,0.3342692619792613,0.9868413653295957,-0.3010192619792613,1.074655685935009
2021-05-21 10:56:00,0.36307531563480117,0.9876900053523575,-0.32982531563480116,1.0854222028077432
2021-05-21 10:57:00,0.38978867046946364,0.9884839140214287,-0.35653867046946364,1.0952103813017917
2021-05-21 10:58:00,0.41212465982707713,0.9892266211268218,-0.37887465982707713,1.1032567359090732
2021-05-21 10:59:00,0.3837314138781111,0.8880071078378068,-0.3504814138781111,1.0930069393586517
2021-05-21 11:00:00,0.3925812803935066,0.8952298671083755,-0.3593312803935066,1.0962231385794703
2021-05-21 11:01:00,0.39526266248913405,0.9019868088571944,-0.36201266248913405,1.097193726066365
2021-05-21 11:02:00,0.3956065332826309,0.9083079750606663,-0.3623565332826309,1.0973180685559314
2021-05-21 11:03:00,0.39410416269816617,0.9142214701975601,-0.36085416269816617,1.0967746002617547
2021-05-21 11:04:00,0.3912693390864917,0.9197535862040747,-0.3580193390864917,1.0957475980466915
2021-05-21 11:05:00,0.38763575557942,0.9249289193701743,-0.35438575557942,1.0944282778839842
2021-05-21 11:06:00,0.38375467490030457,0.9297704796969263,-0.35050467490030457,1.093015418742692
2021-05-21 11:07:00,0.3801928440753812,0.9342997932010547,-0.3469428440753812,1.0917154146565924
2021-05-21 11:08:00,0.3775306331494092,0.938536997621565,-0.3442806331494092,1.0907416396668077
2021-05-21 11:09:00,0.37636037443863624,0.9425009319539591,-0.34311037443863623,1.0903130107611936
2021-05-21 11:10:00,0.377284881073116,0.9462092202101204,-0.344034881073116,1.0906516576251863
2021-05-21 11:11:00,0.39332936045079564,0.9496783497762701,-0.36007936045079564,1.0964941033894477
2021-05-21 11:12:00,0.43368367468468855,0.9529237447173828,-0.40043367468468855,1.1109091674087066
2021-05-21 11:13:00,0.43893753930421386,0.8509762914538485,-0.40568753930421386,1.1127575640357446
2021-05-21 11:14:00,0.4515103100909949,0.7646620743728254,-0.4182603100909949,1.1171552619884346
2021-05-21 11:15:00,0.46447553159159616,0.6898803776045473,-0.43122553159159616,1.1216530673982543
2021-05-21 11:16:00,0.4740945221911581,0.6251888647297236,-0.4408445221911581,1.124966126687758
2021-05-21 11:17:00,0.47864383719600295,0.5700142695110899,-0.44539383719600295,1.1265260615804646
2021-05-21 11:18:00,0.47750792157305033,0.5238958328174095,-0.44425792157305033,1.126136979276703
2021-05-21 11:19:00,0.4705015120960654,0.4862691339864248,-0.4372515120960654,1.1237309456474236
2021-05-21 11:20:00,0.4574165414445796,0.45649235558412565,-0.4241665414445796,1.1192088408380627
2021-05-21 11:21:00,0.4433558975155848,0.4339540002720105,-0.4101058975155848,1.114307109034839
2021-05-21 11:22:00,0.43319332405641264,0.4173735563826821,-0.39994332405641264,1.1107363285972967
2021-05-21 11:23:00,0.42591676995292943,0.4050564870750374,-0.39266676995292943,1.1081649101307114
2021-05-21 11:24:00,0.42084121474667163,0.3958164245885456,-0.38759121474667163,1.1063639362170397
2021-05-21 11:25:00,0.41751469273943265,0.3888029227183385,-0.38426469273943265,1.105180267667408
2021-05-21 11:26:00,0.4156529522001908,0.3833915957860331,-0.38240295220019077,1.1045166581916896
2021-05-21 11:27:00,0.4150927133901478,0.3791122715717444,-0.3818427133901478,1.1043168012507347
2021-05-21 11:28:00,0.415757426846405,0.3756011859709352,-0.382507426846405,1.1045539196718404
2021-05-21 11:29:00,0.4176316360061559,0.3725689177449562,-0.3843816360061559,1.1052219239770216
2021-05-21 11:30:00,0.4207413533600488,0.369778964321838,-0.3874913533600488,1.1063284410413776
2021-05-21 11:31:00,0.42622934392954187,0.3670337229537808,-0.39297934392954187,1.108275623295744
2021-05-21 11:32:00,0.4342609421998055,0.3640245583641997,-0.4010109421998055,1.1111125713068086
2021-05-21 11:33:00,0.4435229367554554,0.36048554654565595,-0.4102729367554554,1.1143656032744158
2021-05-21 11:34:00,0.45296510767477227,0.3563779732092434,-0.41971510767477227,1.117661814624314
2021-05-21 11:35:00,0.46174788146731577,0.351810790413403,-0.42849788146731577,1.1207099029884182
2021-05-21 11:36:00,0.46920314794037055,0.3469793113832164,-0.43595314794037054,1.123283913522146
2021-05-21 11:37:00,0.47479674615809364,0.342119805592141,-0.44154674615809364,1.1252072062857317
2021-05-21 11:38:00,0.47808991331349315,0.33747887195770543,-0.44483991331349315,1.1263363620170805
2021-05-21 11:39:00,0.47870066878585793,0.3332960512795425,-0.44545066878585793,1.1265455206920894
2021-05-21 11:40:00,0.47626669918369624,0.32979756496882023,-0.44301669918369624,1.1257115096756354
2021-05-21 11:41:00,0.46788512237019114,0.32719896253914715,-0.43463512237019114,1.1228297363613677
2021-05-21 11:42:00,0.45299661969883,0.3259959829404069,-0.41974661969883,1.1176727816914445
2021-05-21 11:43:00,0.43429326988574407,0.326676061308769,-0.40104326988574407,1.111123959892546
2021-05-21 11:44:00,0.4137245221634742,0.3293854324649466,-0.3804745221634742,1.103828403056094
2021-05-21 11:45:00,0.3928681024435778,0.33407943939674223,-0.3596181024435778,1.0963270459457466
2021-05-21 11:46:00,0.41312847029550426,0.3770266640794816,-0.37987847029550426,1.1036154921153383
2021-05-21 11:47:00,0.38233527825585667,0.3741169048181432,-0.34908527825585667,1.092497751691998
2021-05-21 11:48:00,0.39839903747586214,0.4144819926441641,-0.36514903747586214,1.0983267429295966
2021-05-21 11:49:00,0.41608243500763453,0.4522438142568213,-0.38283243500763453,1.1046698189973392
2021-05-21 11:50:00,0.3953041120271219,0.43675210885384314,-0.3620541120271219,1.0972087156325039
2021-05-21 11:51:00,0.4357217891428424,0.47307766352844194,-0.4024717891428424,1.1116269657316349
2021-05-21 11:52:00,0.4346660081721639,0.4510508712965079,-0.4014160081721639,1.1112552528440933
2021-05-21 11:53:00,0.4442894713768761,0.432881820192554,-0.4110394713768761,1.114633948946867
2021-05-21 11:54:00,0.4589818798309587,0.416347816362258,-0.42573187983095867,1.1197518014442793
2021-05-21 11:55:00,0.4747429597148936,0.40058225499958006,-0.4414929597148936,1.125188744695516
2021-05-21 11:56:00,0.4887380446186015,0.3854835180371416,-0.4554880446186015,1.1299715167466824
2021-05-21 11:57:00,0.49901927456747563,0.37132816301326704,-0.46576927456747563,1.1334587350930627
2021-05-21 11:58:00,0.5042653211695214,0.35852765192101976,-0.4710153211695214,1.135229642468244
2021-05-21 11:59:00,0.5035223662172992,0.347498263515848,-0.4702723662172992,1.1349791880053801
2021-05-21 12:00:00,0.49596505468491775,0.3386155021292558,-0.46271505468491775,1.1324250992273968
2021-05-21 12:01:00,0.48470080420963624,0.3322261300395284,-0.45145080420963624,1.1285960828904147
2021-05-21 12:02:00,0.47355677433513044,0.3282545158655549,-0.44030677433513044,1.1247814411653585
2021-05-21 12:03:00,0.4623787786206062,0.3262329885246483,-0.4291287786206062,1.120928199658185
2021-05-21 12:04:00,0.4510949944852834,0.3258154315976914,-0.4178449944852834,1.117010564207069
2021-05-21 12:05:00,0.4397099430043552,0.32674219007951716,-0.4064599430043552,1.1130287728833719
2021-05-21 12:06:00,0.42829607292486166,0.32881334461622846,-0.39504607292486166,1.1090070785647728
2021-05-21 12:07:00,0.41698601634357346,0.33186807119292205,-0.38373601634357346,1.104991907373372
2021-05-21 12:08:00,0.405966619947301,0.3357682138198518,-0.372716619947301,1.1010505601375806
2021-05-21 12:09:00,0.3954748005922056,0.34038462699287647,-0.3622248005922056,1.0972704379404767
2021-05-21 12:10:00,0.4274792128874123,0.3829252111175999,-0.3942292128874123,1.1087180956383709
2021-05-21 12:11:00,0.4021808098028078,0.37712604388166837,-0.3689308098028078,1.0996896804662668
2021-05-21 12:12:00,0.4201428718073791,0.41729706325702337,-0.3868928718073791,1.1061156645364283
2021-05-21 12:13:00,0.38259753990932016,0.40687460259888153,-0.34934753990932016,1.0925934395138661
2021-05-21 12:14:00,0.38717281928124664,0.4451270477315995,-0.35392281928124664,1.0942599515908589
2021-05-21 12:15:00,0.3837937574219232,0.4809124773477959,-0.3505437574219232,1.0930296652583646
2021-05-21 12:16:00,0.3744253503864595,0.514389996716105,-0.3411753503864595,1.0896034986451217
2021-05-21 12:17:00,0.36134638919916084,0.5457084499266893,-0.32809638919916084,1.0847823076512288
2021-05-21 12:18:00,0.3470933373704138,0.5750070816655769,-0.3138433373704138,1.0794766659609798
2021-05-21 12:19:00,0.33441141693330967,0.6024161563091753,-0.30116141693330967,1.074709376353579
2021-05-21 12:20:00,0.3262120943302457,0.6280575370915146,-0.2929620943302457,1.071603295206511
2021-05-21 12:21:00,0.3214085504355825,0.6520452279192485,-0.2881585504355825,1.0697747542473954
2021-05-21 12:22:00,0.3169164357475383,0.6744858802433724,-0.2836664357475383,1.0680587769226233
2021-05-21 12:23:00,0.3126775545994136,0.6954792672412564,-0.2794275545994136,1.0664341710822318
2021-05-21 12:24:00,0.3085440102170661,0.7151187274172488,-0.2752940102170661,1.0648448810535815
2021-05-21 12:25:00,0.3042905090122741,0.7334915795941399,-0.2710405090122741,1.063204211701799
2021-05-21 12:26:00,0.29962526720069277,0.750679511140575,-0.26637526720069277,1.0613985365662868
2021-05-21 12:27:00,0.29419966611453396,0.7667589411605102,-0.26094966611453396,1.0592903400595817
2021-05-21 12:28:00,0.2876167883779838,0.7818013602594868,-0.2543667883779838,1.0567204490668431
2021-05-21 12:29:00,0.27943895420755804,0.7958736483983523,-0.24618895420755804,1.0535092843320515
2021-05-21 12:30:00,0.2691943653775811,0.8090383722476386,-0.23594436537758112,1.049456931905611
2021-05-21 12:31:00,0.25637970119617826,0.8213540633646583,-0.22312970119617825,1.0443404725607959
2021-05-21 12:32:00,0.24123425179411004,0.8328754784301221,-0.20798425179411004,1.0382233858412584
2021-05-21 12:33:00,0.224405292987741,0.8436538427013119,-0.191155292987741,1.0313342738373206
2021-05-21 12:34:00,0.20657111738926526,0.8537370777642252,-0.17332111738926526,1.023923684991887
2021-05-21 12:35:00,0.18843518598301826,0.8631700145972964,-0.15518518598301825,1.016266619045271
2021-05-21 12:36:00,0.17072099099126273,0.8719945928939965,-0.13747099099126273,1.008664380344253
2021-05-21 12:37:00,0.15416755111849745,0.8802500475305178,-0.12091755111849745,1.00144519302222
2021-05-21 12:38:00,0.1395254682255895,0.8879730830075953,-0.1062754682255895,0.9949628312894799
2021-05-21 12:39:00,0.12755348169929726,0.8951980366420481,-0.09430348169929725,0.9895924168437729
2021-05-21 12:40:00,0.11901546331543812,0.9019570312336084,-0.0857654633154381,0.9857225867245617
2021-05-21 12:41:00,0.11248040486638203,0.9082801178858039,-0.07923040486638203,0.9827376094056814
2021-05-21 12:42:00,0.10609387863423253,0.914195409615893,-0.07284387863423253,0.9798008226774889
2021-05-21 12:43:00,0.09998710048866279,0.9197292063478911,-0.06673710048866277,0.9769741674336064
2021-05-21 12:44:00,0.0942913034778737,0.9249061118444205,-0.061041303477873704,0.9743211418270005
2021-05-21 12:45:00,0.08913741698268783,0.9297491430972723,-0.05588741698268784,0.9719064868318981
2021-05-21 12:46:00,0.08465578851988823,0.9342798326630416,-0.051405788519888196,0.9697957787588355
2021-05-21 12:47:00,0.08097594298779724,0.9385183243988287,-0.047725942987797254,0.9680549216936798
2021-05-21 12:48:00,0.07822637470529181,0.9424834630236563,-0.04497637470529181,0.9667495378738703
2021-05-21 12:49:00,0.0765343680989584,0.9461928779038011,-0.043284368098958415,0.96594426055016
2021-05-21 12:50:00,0.07602584334692444,0.9496630614345568,-0.042775843346924414,0.9657019416894593
2021-05-21 12:51:00,0.07702109873101709,0.9529094423669204,-0.04377109873101709,0.9661760657113849
2021-05-21 12:52:00,0.07972075803256123,0.9559464544052201,-0.04647075803256123,0.9674595034628725
2021-05-21 12:53:00,0.08406785881524029,0.9587876003806746,-0.05081785881524026,0.9695181140153571
2021-05-21 12:54:00,0.09000274031793384,0.9614455122862067,-0.05675274031793384,0.9723128421268279
2021-05-21 12:55:00,0.0974634133991633,0.9639320074394306,-0.06421341339916331,0.9758006618734845
2021-05-21 12:56:00,0.1063858931358771,0.9662581410235189,-0.0731358931358771,0.9799355319629345
2021-05-21 12:57:00,0.11670449778830787,0.9684342552395502,-0.08345449778830788,0.9846693227668083
2021-05-21 12:58:00,0.12835211749598022,0.970470025288874,-0.09510211749598022,0.9899526822528453
2021-05-21 12:59:00,0.14126045575405388,0.9723745023899346,-0.10801045575405388,0.9957358165656123
2021-05-21 13:00:00,0.15536024643143428,0.9741561540208096,-0.12211024643143428,1.0019691698371613
2021-05-21 13:01:00,0.19815208769082693,0.9758229015663861,-0.16490208769082693,1.0203846480742123
2021-05-21 13:02:00,0.288905122687392,0.9773821555375571,-0.255655122687392,1.057224447105787
2021-05-21 13:03:00,0.41519942006418686,0.978840848519026,-0.38194942006418686,1.1043548730778578
2021-05-21 13:04:00,0.5059389808597685,0.8783196125983308,-0.4726889808597685,1.1357934277271657
2021-05-21 13:05:00,0.5683622562380908,0.769623735138025,-0.5351122562380908,1.1564243325026728
2021-05-21 13:06:00,0.6003272623679946,0.6677567874302873,-0.5670772623679946,1.16670408102427
2021-05-21 13:07:00,0.6071157180498545,0.5808629487378626,-0.5738657180498545,1.1688636337571234
2021-05-21 13:08:00,0.5955185578150677,0.5112908114578139,-0.5622685578150677,1.1651693995777448
2021-05-21 13:09:00,0.570644565825685,0.4581682240208562,-0.537394565825685,1.1571644906879288
2021-05-21 13:10:00,0.5349796470716943,0.419441327380249,-0.5017296470716943,1.1454859690315935
2021-05-21 13:11:00,0.5014689835826021,0.3930526498421355,-0.46821898358260206,1.134286389792906
2021-05-21 13:12:00,0.47956718471813586,0.3759127388445586,-0.44631718471813586,1.1268421296704825
2021-05-21 13:13:00,0.46497337912670367,0.3646325510590702,-0.43172337912670367,1.1218250361649373
2021-05-21 13:14:00,0.45507487244345385,0.35715727819350834,-0.42182487244345385,1.1183955814990765
2021-05-21 13:15:00,0.4482296435724503,0.3521980156030073,-0.4149796435724503,1.1160112058332916
2021-05-21 13:16:00,0.4433808083146659,0.3489267358817334,-0.4101308083146659,1.1143158327669773
2021-05-21 13:17:00,0.43983674250536003,0.34680259290004256,-0.40658674250536003,1.1130732820565206
2021-05-21 13:18:00,0.43713964567508196,0.3454682799652313,-0.40388964567508195,1.112125751272497
2021-05-21 13:19:00,0.4349840916155199,0.3446859324690028,-0.4017340916155199,1.1113672688212886
2021-05-21 13:20:00,0.43316518752072336,0.3442964145044718,-0.39991518752072336,1.1107264093391769
2021-05-21 13:21:00,0.4301456078227981,0.34419295219520213,-0.3968956078227981,1.1096608174790685
2021-05-21 13:22:00,0.42495965334790337,0.34447433101544017,-0.39170965334790336,1.107825758297711
2021-05-21 13:23:00,0.41830326176655164,0.345344004908401,-0.38505326176655164,1.1054611003791592
2021-05-21 13:24:00,0.4107003259336872,0.34689365662214255,-0.3774503259336872,1.1027472704670054
2021-05-21 13:25:00,0.40256452538968907,0.3491438580559549,-0.36931452538968906,1.0998277738173445
2021-05-21 13:26:00,0.4379730883996429,0.3911195329606157,-0.4047230883996429,1.1124187307098647
2021-05-21 13:27:00,0.41529470171365845,0.38254453132875893,-0.38204470171365845,1.1043888662710943
2021-05-21 13:28:00,0.3980353131705536,0.37845099410576455,-0.36478531317055357,1.0981954721624287
2021-05-21 13:29:00,0.42668825140572103,0.41853656344648454,-0.39343825140572103,1.1084381259820295
2021-05-21 13:30:00,0.40291144971624665,0.406961565448119,-0.36966144971624665,1.0999525954977845
2021-05-21 13:31:00,0.42737615699968456,0.4452084020844994,-0.39412615699968456,1.1086816261622154
2021-05-21 13:32:00,0.3973441209619232,0.4291233042281907,-0.3640941209619232,1.0979459257124742
2021-05-21 13:33:00,0.4145444373603748,0.4659408635137026,-0.38129443736037477,1.1041211390698924
2021-05-21 13:34:00,0.38247189479200333,0.4484778664383871,-0.34922189479200333,1.0925475992824938
2021-05-21 13:35:00,0.39543454538345557,0.4840471916535703,-0.36218454538345557,1.097255881996989
2021-05-21 13:36:00,0.4053767522749604,0.5173225438452353,-0.3721267522749604,1.100838751439891
2021-05-21 13:37:00,0.37205563058161834,0.4931888047889552,-0.33880563058161833,1.088733279168061
2021-05-21 13:38:00,0.38431178420983225,0.5258745867878448,-0.35106178420983225,1.0932184618228185
2021-05-21 13:39:00,0.39750358197356295,0.5564523641590268,-0.36425358197356295,1.0980035076356178
2021-05-21 13:40:00,0.4133439685529671,0.5850580884765092,-0.3800939685529671,1.10369247838317
2021-05-21 13:41:00,0.39020259612624786,0.5485901670891322,-0.35695259612624786,1.0953606173053372
2021-05-21 13:42:00,0.4214926556931241,0.5777029481999277,-0.3882426556931241,1.1065954292982927
2021-05-21 13:43:00,0.41008644799760435,0.5408388451361823,-0.37683644799760435,1.1025275434560158
2021-05-21 13:44:00,0.40662729172996187,0.5120986194797771,-0.37337729172996187,1.1012876924544543
2021-05-21 13:45:00,0.40741577988592065,0.4885727964295717,-0.37416577988592065,1.101570562436395
2021-05-21 13:46:00,0.4099492048907844,0.4686570428367419,-0.3766992048907844,1.1024784071999763
2021-05-21 13:47:00,0.4124773942002584,0.4515018653173702,-0.3792273942002584,1.1033828288163823
2021-05-21 13:48:00,0.4137489356701619,0.4366958481087884,-0.3804989356701619,1.1038371217911693
2021-05-21 13:49:00,0.4128419752869215,0.42407821424892644,-0.3795919752869215,1.1035131251319592
2021-05-21 13:50:00,0.4090371260089286,0.41363069634289595,-0.3757871260089286,1.1021517457855758
2021-05-21 13:51:00,0.4045295470151641,0.4054213116429669,-0.3712795470151641,1.1005343899516524
2021-05-21 13:52:00,0.4016077149229401,0.3991752539264317,-0.3683577149229401,1.0994833651668459
2021-05-21 13:53:00,0.44385391623729736,0.4379242532683288,-0.41060391623729736,1.1144814877762386
2021-05-21 13:54:00,0.42897005964329227,0.42059540783951166,-0.39572005964329227,1.1092453992685387
2021-05-21 13:55:00,0.418551417939072,0.40834960646739143,-0.385301417939072,1.105549445477031
2021-05-21 13:56:00,0.4110186364818941,0.3996149336751777,-0.37776863648189407,1.102861168406143
2021-05-21 13:57:00,0.40530716295917646,0.39336483885241286,-0.37205716295917646,1.1008137578322268
2021-05-21 13:58:00,0.4006822937535967,0.38892000262957005,-0.3674322937535967,1.0991500414359878
2021-05-21 13:59:00,0.4403180370535575,0.4283303940468602,-0.4070680370535575,1.1132421925895812
2021-05-21 14:00:00,0.42281044375722243,0.413145564426367,-0.38956044375722243,1.1070634053715664
2021-05-21 14:01:00,0.40925610814761415,0.403016740821756,-0.37600610814761415,1.1022301926911715
2021-05-21 14:02:00,0.39794284231305416,0.3964728484657476,-0.36469284231305416,1.098162093540577
2021-05-21 14:03:00,0.4304018402627229,0.4353961340834712,-0.3971518402627229,1.1097513227660967
2021-05-21 14:04:00,0.4080345594592963,0.4204824651878439,-0.3747845594592963,1.1017924437291051
2021-05-21 14:05:00,0.3906572487686923,0.41132670630267704,-0.3574072487686923,1.0955255858212636
2021-05-21 14:06:00,0.4165032768517381,0.44929202184458533,-0.3832532768517381,1.1048198555106132
2021-05-21 14:07:00,0.3919361924766489,0.4342129425690419,-0.3586861924766489,1.0959893667518643
2021-05-21 14:08:00,0.41280957858385403,0.4707022557328536,-0.37955957858385403,1.1035015482858583
2021-05-21 14:09:00,0.3850854021257305,0.4527525218849493,-0.3518354021257305,1.0935002827497762
2021-05-21 14:10:00,0.4019729165541297,0.4880461616824327,-0.3687229165541297,1.099614847796572
2021-05-21 14:11:00,0.41027016022791263,0.5210636082401683,-0.3770201602279126,1.1025933096239562
2021-05-21 14:12:00,0.364550958075595,0.4954582987200496,-0.331300958075595,1.0859677302145405
2021-05-21 14:13:00,0.3556740027529911,0.5279977142128705,-0.3224240027529911,1.0826773171534188
2021-05-21 14:14:00,0.33815060436113065,0.5584385646952504,-0.30490060436113064,1.0761196045930848
2021-05-21 14:15:00,0.3145871582255219,0.58691619295182,-0.2813371582255219,1.0671666983797485
2021-05-21 14:16:00,0.28802475998278326,0.6135572131029745,-0.25477475998278326,1.056880103347817
2021-05-21 14:17:00,0.26184133663987963,0.6384800735427477,-0.22859133663987963,1.0465276559583236
2021-05-21 14:18:00,0.23966685944910718,0.6617955835711238,-0.20641685944910718,1.0375859031379302
2021-05-21 14:19:00,0.22531009425766793,0.6836074060622442,-0.19206009425766793,1.031707189144123
2021-05-21 14:20:00,0.2226955104385822,0.7040125183589572,-0.1894455104385822,1.0306287891925645
2021-05-21 14:21:00,0.2287646529895463,0.7231016434428867,-0.1955146529895463,1.0331283257388935
2021-05-21 14:22:00,0.2374421690083892,0.740959653297045,-0.20419216900838918,1.0366796397862446
2021-05-21 14:23:00,0.24811424930239845,0.7576659462543737,-0.21486424930239845,1.0410116977847614
2021-05-21 14:24:00,0.26009349272891163,0.7732948000099391,-0.22684349272891163,1.0458287729695914
2021-05-21 14:25:00,0.2726356271459494,0.7879157018663082,-0.2393856271459494,1.0508218757326069
2021-05-21 14:26:00,0.2849541141972229,0.8015936576804032,-0.2517041141972229,1.0556771851735547
2021-05-21 14:27:00,0.29623288146379023,0.8143894808854429,-0.26298288146379023,1.0600814177428206
2021-05-21 14:28:00,0.3056373998053621,0.8263600628729872,-0.2723873998053621,1.063724317032294
2021-05-21 14:29:00,0.31232430054287436,0.8375586259372286,-0.27907430054287435,1.0662985455462672
2021-05-21 14:30:00,0.31544970626298974,0.8480349599061435,-0.28219970626298974,1.0674972251080708
2021-05-21 14:31:00,0.3147569604848718,0.8578356435115874,-0.2815069604848718,1.0672317833803147
2021-05-21 14:32:00,0.3108276846964132,0.867004251482565,-0.2775776846964132,1.0657235417319268
2021-05-21 14:33:00,0.3040926623522521,0.8755815482824312,-0.2708426623522521,1.063127767302611
2021-05-21 14:34:00,0.2949960044212688,0.8836056693513953,-0.2617460044212688,1.0596003264325518
2021-05-21 14:35:00,0.283990348761502,0.8911122906601506,-0.250740348761502,1.0552990308074677
2021-05-21 14:36:00,0.27153264958477424,0.8981347873284784,-0.23828264958477424,1.050384802032535
2021-05-21 14:37:00,0.25808048967443126,0.9047043820140602,-0.22483048967443126,1.0450226256061457
2021-05-21 14:38:00,0.2440888550927385,0.9108502837312487,-0.2108388550927385,1.0393822425561448
2021-05-21 14:39:00,0.2300073184917787,0.9165998177169963,-0.1967573184917787,1.0336385050121193
2021-05-21 14:40:00,0.2162775828880918,0.9219785469213398,-0.1830275828880918,1.0279713023889185
2021-05-21 14:41:00,0.20035198723051684,0.9270103856625969,-0.16710198723051684,1.021311970246891
2021-05-21 14:42:00,0.18034559336548817,0.9317177059525954,-0.14709559336548816,1.012810326727802
2021-05-21 14:43:00,0.157673966542853,0.9361214369646701,-0.12442396654285301,1.00298392341261
2021-05-21 14:44:00,0.13372950442498688,0.9402411580866664,-0.10047950442498688,0.9923708985604546
2021-05-21 14:45:00,0.10987489403981342,0.9440951859726763,-0.07662489403981343,0.9815418555704655
2021-05-21 14:46:00,0.08743736412386117,0.9477006559805451,-0.05418736412386116,0.9711070290790905
2021-05-21 14:47:00,0.06770363889870995,0.9510735983572284,-0.03445363889870995,0.9617166132503552
2021-05-21 14:48:00,0.05191550949169187,0.9542290095107248,-0.01866550949169188,0.9540513471197096
2021-05-21 14:49:00,0.04126594835541827,0.9571809186854673,-0.008015948355418245,0.9488005335366415
2021-05-21 14:50:00,0.03689570025804622,0.9599424503376178,-0.003645700258046225,0.9466263840708234
2021-05-21 14:51:00,0.036056403356057844,0.9625258824875905,-0.0028064033560578627,0.9462075293712063
2021-05-21 14:52:00,0.035266675315146545,0.9649427013092453,-0.0020166753151465433,0.9458130230096067
2021-05-21 14:53:00,0.03452658786298736,0.9672036521984592,-0.001276587862987344,0.945442971005212
2021-05-21 14:54:00,0.03383603800826888,0.9693187875481322,-0.0005860380082688965,0.9450973879069515
2021-05-21 14:55:00,0.03319475993764277,0.9712975114420386,5.5240062357242437e-05,0.944776202337596
2021-05-21 14:56:00,0.03260233584887401,0.973148621466237,0.0006476641511259928,0.9444792621099692
2021-05-21 14:57:00,0.032058205810231104,0.9748803478239367,0.001191794189768891,0.9442063389511199
2021-05-21 14:58:00,0.031561676728870496,0.9765003899277281,0.0016883232711294993,0.9439571328667947
2021-05-21 14:59:00,0.031111930504244677,0.9780159506318703,0.002138069495755346,0.9437312761757367
2021-05-21 15:00:00,0.03070803143637071,0.9794337682568347,0.0025419685636293154,0.9435283372406168
2021-05-21 15:01:00,0.031631301856203504,0.9807601465484899,0.0016186981437965042,0.9439920865832605
2021-05-21 15:02:00,0.03492750487297782,0.9820009827051276,-0.0016775048729777975,0.9456434752972434
2021-05-21 15:03:00,0.04025024439771345,0.983161793596942,-0.007000244397713462,0.9482962512451281
2021-05-21 15:04:00,0.04726426621304728,0.9842477402945351,-0.0140142662130473,0.9517661731886834
2021-05-21 15:05:00,0.0556460609292672,0.9852636510155055,-0.022396060929267214,0.9558751992776855
2021-05-21 15:06:00,0.06508440893675066,0.9862140425911418,-0.03183440893675066,0.9604545496691312
2021-05-21 15:07:00,0.07528087388669633,0.9871031405486648,-0.04203087388669635,0.9653467055823626
2021-05-21 15:08:00,0.0859502505368585,0.9879348978983049,-0.052700250536858506,0.9704064913795603
2021-05-21 15:09:00,0.09682097217307044,0.9887130127087446,-0.06357097217307045,0.975501423625796
2021-05-21 15:10:00,0.1076354822541228,0.9894409445490674,-0.07438548225412278,0.9805115136527579
2021-05-21 15:11:00,0.12317612473705546,0.9901219298703163,-0.08992612473705547,0.9876125998018843
2021-05-21 15:12:00,0.14646382040797656,0.9907589963950487,-0.11321382040797656,0.9980461553949453
2021-05-21 15:13:00,0.1747250552421442,0.9913549765788657,-0.1414750552421442,1.0103937094621087
2021-05-21 15:14:00,0.20534308000420223,0.991912520203767,-0.17209308000420223,1.0234091165285313
2021-05-21 15:15:00,0.23586120405924788,0.9924341061593219,-0.20261120405924787,1.0360345718112371
2021-05-21 15:16:00,0.2639858463135045,0.992922053464038,-0.23073584631350452,1.0473837870247005
2021-05-21 15:17:00,0.287589370946106,0.9933785315759271,-0.254339370946106,1.056709717779703
2021-05-21 15:18:00,0.30471273251438064,0.9938055700381135,-0.27146273251438063,1.0633673123657752
2021-05-21 15:19:00,0.3135679522530366,0.994205067502366,-0.2803179522530366,1.0667758615107896
2021-05-21 15:20:00,0.3125404449119504,0.9945788001706767,-0.2792904449119504,1.066381534617089
2021-05-21 15:21:00,0.30188754730085293,0.9949284296924158,-0.26863754730085293,1.0622749611262137
2021-05-21 15:22:00,0.2843186495294547,0.995255510552176,-0.2510686495294547,1.0554278791290521
2021-05-21 15:23:00,0.2619238360226327,0.9955614969811518,-0.2286738360226327,1.046560619046582
2021-05-21 15:24:00,0.2366517873729508,0.9958477494227836,-0.2034017873729508,1.036357254845418
2021-05-21 15:25:00,0.21030776478163957,0.9961155405814125,-0.17705776478163956,1.0254859688297597
2021-05-21 15:26:00,0.1845517022072685,0.9963660610808396,-0.1513017022072685,1.0146105960035854
2021-05-21 15:27:00,0.16089639474388118,0.9966004247579472,-0.12764639474388118,1.0043934732214526
2021-05-21 15:28:00,0.14070577304197318,0.9968196736149191,-0.10745577304197318,0.9954888340708496
2021-05-21 15:29:00,0.12519325474337975,0.9970247824520765,-0.09194325474337975,0.9885260125075761
2021-05-21 15:30:00,0.11542016493798733,0.9972166632019289,-0.08217016493798734,0.9840828796112994
2021-05-21 15:31:00,0.10924959424637384,0.997396168983709,-0.07599959424637384,0.9812544012218575
2021-05-21 15:32:00,0.10379540802640012,0.9975640978964178,-0.07054540802640014,0.9787390670198111
2021-05-21 15:33:00,0.09889056156253549,0.9977211965672456,-0.0656405615625355,0.9764646687180898
2021-05-21 15:34:00,0.09438207610792673,0.9978681634711442,-0.06113207610792673,0.9743635496097544
2021-05-21 15:35:00,0.09013119308426855,0.9980056520363098,-0.05688119308426853,0.9723731309474528
2021-05-21 15:36:00,0.08601352246123413,0.9981342735493842,-0.052763522461234114,0.9704363201962231
2021-05-21 15:37:00,0.08191918585318858,0.9982545998732907,-0.04866918585318858,0.9685018221549302
2021-05-21 15:38:00,0.0777529548099162,0.9983671659897884,-0.04450295480991617,0.9665243755490337
2021-05-21 15:39:00,0.07343438472352093,0.9984724723780498,-0.04018438472352093,0.9644649378122799
2021-05-21 15:40:00,0.06889794472472811,0.9985709872398368,-0.0356479447247281,0.9622908398256952
2021-05-21 15:41:00,0.06394412483492969,0.998663148581168,-0.03069412483492967,0.9599039320583329
2021-05-21 15:42:00,0.058580010991132574,0.9987493661597332,-0.02533001099113258,0.9573040480317224
2021-05-21 15:43:00,0.05304017880633645,0.9988300233067134,-0.019790178806336434,0.9546020301806085
2021-05-21 15:44:00,0.04753094153185468,0.9989054786311062,-0.014280941531854663,0.9518975306896562
2021-05-21 15:45:00,0.042230108844806075,0.9989760676141335,-0.008980108844806045,0.9492786577266213
2021-05-21 15:46:00,0.03728675176898393,0.9990421041008218,-0.004036751768983937,0.946821394767072
2021-05-21 15:47:00,0.032820973298194146,0.9991038816953857,0.0004290267018058347,0.9445888745706051
2021-05-21 15:48:00,0.02892368434286216,0.9991616750666186,0.004326315657137814,0.9426305876562643
2021-05-21 15:49:00,0.02565638466686307,0.9992157411690955,0.0075936153331369605,0.9409816015580948
2021-05-21 15:50:00,0.0230509485227112,0.9992663203856161,0.010199051477288779,0.9396618596297014
2021-05-21 15:51:00,0.020884983254837782,0.9993136375959686,0.012365016745162216,0.9385614560614811
2021-05-21 15:52:00,0.018896963223981815,0.9993579031767655,0.01435303677601818,0.9375488237751375
2021-05-21 15:53:00,0.017043043196881776,0.9993993139367976,0.016206956803118233,0.936602210989616
2021-05-21 15:54:00,0.015286522269637878,0.999438053992063,0.01796347773036211,0.9357032807783002
2021-05-21 15:55:00,0.01359789747084674,0.9994742955843643,0.01965210252915328,0.9348372056981715
2021-05-21 15:56:00,0.011954916252119505,0.9995081998471108,0.021295083747880472,0.9339927497443
2021-05-21 15:57:00,0.010342627917433594,0.9995399175217325,0.022907372082566435,0.9331623418895254
2021-05-21 15:58:00,0.008753434036442798,0.9995695896278901,0.024496565963557204,0.9323421445636404
2021-05-21 15:59:00,0.00718713788121077,0.9995973480904612,0.02606286211878922,0.9315321193988592
2021-05-21 16:00:00,0.005650992920799929,0.9996233163260901,0.0275990070792001,0.930736091433521
2021-05-21 16:01:00,0.0041481472753761685,0.9996476097919099,0.029101852724623845,0.9299557812882319
2021-05-21 16:02:00,0.002711654699496025,0.9996703364988749,0.030538345300503977,0.9292084935908257
2021-05-21 16:03:00,0.0013888997296265517,0.9996915974919875,0.03186110027037348,0.9285191319861625
2021-05-21 16:04:00,0.00021340172883544067,0.9997114872995531,0.03303659827116456,0.9279055099516932
2021-05-21 16:05:00,0.0,0.9997300943534616,0.03325,0.9277940103590099
2021-05-21 16:06:00,0.0,0.9997475013823639,0.03325,0.9277940103590099
2021-05-21 16:07:00,0.0,0.9997637857794907,0.03325,0.9277940103590099
2021-05-21 16:08:00,0.0,0.9997790199467497,0.03325,0.9277940103590099
2021-05-21 16:09:00,0.0,0.9997932716166317,0.03325,0.9277940103590099
2021-05-21 16:10:00,0.0,0.9998066041533546,0.03325,0.9277940103590099
2021-05-21 16:11:00,0.0,0.9998190768345872,0.03325,0.9277940103590099
2021-05-21 16:12:00,0.0,0.9998307451150023,0.03325,0.9277940103590099
2021-05-21 16:13:00,0.0,0.9998416608728339,0.03325,0.9277940103590099
2021-05-21 16:14:00,0.0,0.9998518726405323,0.03325,0.9277940103590099
2021-05-21 16:15:00,0.0,0.9998614258205437,0.03325,0.9277940103590099
2021-05-21 16:16:00,0.0,0.9998703628871736,0.03325,0.9277940103590099
2021-05-21 16:17:00,0.0,0.9998787235754315,0.03325,0.9277940103590099
2021-05-21 16:18:00,0.0,0.9998865450576965,0.03325,0.9277940103590099
2021-05-21 16:19:00,0.0,0.9998938621089887,0.03325,0.9277940103590099
2021-05-21 16:20:00,0.0,0.9999007072615824,0.03325,0.9277940103590099
2021-05-21 16:21:00,0.0,0.9999071109496475,0.03325,0.9277940103590099
2021-05-21 16:22:00,0.0,0.9999131016445623,0.03325,0.9277940103590099
2021-05-21 16:23:00,0.0,0.9999187059815002,0.03325,0.9277940103590099
2021-05-21 16:24:00,0.0,0.9999239488778522,0.03325,0.9277940103590099
2021-05-21 16:25:00,0.0,0.9999288536440112,0.03325,0.9277940103590099
2021-05-21 16:26:00,0.0,0.999933442087013,0.03325,0.9277940103590099
2021-05-21 16:27:00,0.0,0.9999377346074915,0.03325,0.9277940103590099
2021-05-21 16:28:00,0.0,0.9999417502903826,0.03325,0.9277940103590099
2021-05-21 16:29:00,0.0,0.9999455069897768,0.03325,0.9277940103590099
2021-05-21 16:30:00,0.0,0.9999490214083008,0.03325,0.9277940103590099
2021-05-21 16:31:00,0.0,0.9999523091713783,0.03325,0.9277940103590099
2021-05-21 16:32:00,0.0,0.9999553848967024,0.03325,0.9277940103590099
2021-05-21 16:33:00,0.0,0.9999582622592272,0.03325,0.9277940103590099
2021-05-21 16:34:00,0.0,0.9999609540519676,0.03325,0.9277940103590099
2021-05-21 16:35:00,0.0,0.9999634722428785,0.03325,0.9277940103590099
2021-05-21 16:36:00,0.0,0.9999658280280653,0.03325,0.9277940103590099
2021-05-21 16:37:00,0.0,0.9999680318815628,0.03325,0.9277940103590099
2021-05-21 16:38:00,0.0,0.9999700936019037,0.03325,0.9277940103590099
2021-05-21 16:39:00,0.0,0.9999720223556837,0.03325,0.9277940103590099
2021-05-21 16:40:00,0.0,0.9999738267183174,0.03325,0.9277940103590099
2021-05-21 16:41:00,0.0,0.9999755147121647,0.03325,0.9277940103590099
2021-05-21 16:42:00,0.0,0.9999770938421996,0.03325,0.9277940103590099
2021-05-21 16:43:00,0.0,0.9999785711293775,0.03325,0.9277940103590099
2021-05-21 16:44:00,0.0,0.9999799531418513,0.03325,0.9277940103590099
2021-05-21 16:45:00,0.0,0.9999812460241739,0.03325,0.9277940103590099
2021-05-21 16:46:00,0.0,0.9999824555246176,0.03325,0.9277940103590099
2021-05-21 16:47:00,0.0,0.9999835870207311,0.03325,0.9277940103590099
2021-05-21 16:48:00,0.0,0.9999846455432487,0.03325,0.9277940103590099
2021-05-21 16:49:00,0.0,0.9999856357984578,0.03325,0.9277940103590099
2021-05-21 16:50:00,0.0,0.9999865621891229,0.03325,0.9277940103590099
2021-05-21 16:51:00,0.0,0.9999874288340609,0.03325,0.9277940103590099
2021-05-21 16:52:00,0.0,0.999988239586454,0.03325,0.9277940103590099
2021-05-21 16:53:00,0.0,0.9999889980509808,0.03325,0.9277940103590099
2021-05-21 16:54:00,0.0,0.9999897075998436,0.03325,0.9277940103590099
2021-05-21 16:55:00,0.0,0.9999903713877609,0.03325,0.9277940103590099
2021-05-21 16:56:00,0.0,0.9999909923659942,0.03325,0.9277940103590099
2021-05-21 16:57:00,0.0,0.999991573295469,0.03325,0.9277940103590099
2021-05-21 16:58:00,0.0,0.9999921167590504,0.03325,0.9277940103590099
2021-05-21 16:59:00,0.0,0.999992625173027,0.03325,0.9277940103590099
2021-05-21 17:00:00,0.0,0.9999931007978534,0.03325,0.9277940103590099
2021-05-21 17:01:00,0.0,0.9999935457482008,0.03325,0.9277940103590099
2021-05-21 17:02:00,0.0,0.9999939620023587,0.03325,0.9277940103590099
2021-05-21 17:03:00,0.0,0.999994351411031,0.03325,0.9277940103590099
2021-05-21 17:04:00,0.0,0.999994715705564,0.03325,0.9277940103590099
2021-05-21 17:05:00,0.0,0.9999950565056441,0.03325,0.9277940103590099
2021-05-21 17:06:00,0.0,0.9999953753264996,0.03325,0.9277940103590099
2021-05-21 17:07:00,0.0,0.9999956735856369,0.03325,0.9277940103590099
2021-05-21 17:08:00,0.0,0.9999959526091432,0.03325,0.9277940103590099
2021-05-21 17:09:00,0.0,0.9999962136375823,0.03325,0.9277940103590099
2021-05-21 17:10:00,0.0,0.9999964578315104,0.03325,0.9277940103590099
2021-05-21 17:11:00,0.0,0.9999966862766357,0.03325,0.9277940103590099
2021-05-21 17:12:00,0.0,0.9999968999886463,0.03325,0.9277940103590099
2021-05-21 17:13:00,0.0,0.9999970999177249,0.03325,0.9277940103590099
2021-05-21 17:14:00,0.0,0.9999972869527745,0.03325,0.9277940103590099
2021-05-21 17:15:00,0.0,0.9999974619253698,0.03325,0.9277940103590099
2021-05-21 17:16:00,0.0,0.9999976256134548,0.03325,0.9277940103590099
2021-05-21 17:17:00,0.0,0.9999977787448019,0.03325,0.9277940103590099
2021-05-21 17:18:00,0.0,0.9999979220002466,0.03325,0.9277940103590099
2021-05-21 17:19:00,0.0,0.9999980560167158,0.03325,0.9277940103590099
2021-05-21 17:20:00,0.0,0.9999981813900588,0.03325,0.9277940103590099
2021-05-21 17:21:00,0.0,0.999998298677697,0.03325,0.9277940103590099
2021-05-21 17:22:00,0.0,0.9999984084011018,0.03325,0.9277940103590099
2021-05-21 17:23:00,0.0,0.9999985110481133,0.03325,0.9277940103590099
2021-05-21 17:24:00,0.0,0.9999986070751097,0.03325,0.9277940103590099
2021-05-21 17:25:00,0.0,0.9999986969090355,0.03325,0.9277940103590099
2021-05-21 17:26:00,0.0,0.9999987809493006,0.03325,0.9277940103590099
2021-05-21 17:27:00,0.0,0.9999988595695556,0.03325,0.9277940103590099
2021-05-21 17:28:00,0.0,0.9999989331193533,0.03325,0.9277940103590099
2021-05-21 17:29:00,0.0,0.9999990019257028,0.03325,0.9277940103590099
2021-05-21 17:30:00,0.0,0.9999990662945234,0.03325,0.9277940103590099
2021-05-21 17:31:00,0.0,0.9999991265120046,0.03325,0.9277940103590099
2021-05-21 17:32:00,0.0,0.999999182845879,0.03325,0.9277940103590099
2021-05-21 17:33:00,0.0,0.999999235546612,0.03325,0.9277940103590099
2021-05-21 17:34:00,0.0,0.9999992848485157,0.03325,0.9277940103590099
2021-05-21 17:35:00,0.0,0.9999993309707911,0.03325,0.9277940103590099
2021-05-21 17:36:00,0.0,0.9999993741185018,0.03325,0.9277940103590099
2021-05-21 17:37:00,0.0,0.9999994144834866,0.03325,0.9277940103590099
2021-05-21 17:38:00,0.0,0.9999994522452119,0.03325,0.9277940103590099
2021-05-21 17:39:00,0.0,0.9999994875715696,0.03325,0.9277940103590099
2021-05-21 17:40:00,0.0,0.999999520619624,0.03325,0.9277940103590099
2021-05-21 17:41:00,0.0,0.9999995515363098,0.03325,0.9277940103590099
2021-05-21 17:42:00,0.0,0.9999995804590853,0.03325,0.9277940103590099
2021-05-21 17:43:00,0.0,0.9999996075165438,0.03325,0.9277940103590099
2021-05-21 17:44:00,0.0,0.9999996328289852,0.03325,0.9277940103590099
2021-05-21 17:45:00,0.0,0.999999656508951,0.03325,0.9277940103590099
2021-05-21 17:46:00,0.0,0.9999996786617243,0.03325,0.9277940103590099
2021-05-21 17:47:00,0.0,0.9999996993857986,0.03325,0.9277940103590099
2021-05-21 17:48:00,0.0,0.9999997187733147,0.03325,0.9277940103590099
2021-05-21 17:49:00,0.0,0.9999997369104715,0.03325,0.9277940103590099
2021-05-21 17:50:00,0.0,0.9999997538779084,0.03325,0.9277940103590099
2021-05-21 17:51:00,0.0,0.9999997697510642,0.03325,0.9277940103590099
2021-05-21 17:52:00,0.0,0.9999997846005123,0.03325,0.9277940103590099
2021-05-21 17:53:00,0.0,0.9999997984922747,0.03325,0.9277940103590099
2021-05-21 17:54:00,0.0,0.9999998114881155,0.03325,0.9277940103590099
2021-05-21 17:55:00,0.0,0.9999998236458153,0.03325,0.9277940103590099
2021-05-21 17:56:00,0.0,0.9999998350194284,0.03325,0.9277940103590099
2021-05-21 17:57:00,0.0,0.9999998456595228,0.03325,0.9277940103590099
2021-05-21 17:58:00,0.0,0.9999998556134055,0.03325,0.9277940103590099
2021-05-21 17:59:00,0.0,0.9999998649253323,0.03325,0.9277940103590099
2021-05-21 18:00:00,0.0,0.9999998736367048,0.03325,0.9277940103590099
2021-05-21 18:01:00,0.0,0.9999998817862548,0.03325,0.9277940103590099
2021-05-21 18:02:00,0.0,0.9999998894102156,0.03325,0.9277940103590099
2021-05-21 18:03:00,0.0,0.9999998965424842,0.03325,0.9277940103590099
2021-05-21 18:04:00,0.0,0.9999999032147714,0.03325,0.9277940103590099
2021-05-21 18:05:00,0.0,0.9999999094567426,0.03325,0.9277940103590099
2021-05-21 18:06:00,0.0,0.9999999152961502,0.03325,0.9277940103590099
2021-05-21 18:07:00,0.0,0.9999999207589568,0.03325,0.9277940103590099
2021-05-21 18:08:00,0.0,0.9999999258694506,0.03325,0.9277940103590099
2021-05-21 18:09:00,0.0,0.9999999306503533,0.03325,0.9277940103590099
2021-05-21 18:10:00,0.0,0.9999999351229211,0.03325,0.9277940103590099
2021-05-21 18:11:00,0.0,0.9999999393070395,0.03325,0.9277940103590099
2021-05-21 18:12:00,0.0,0.9999999432213115,0.03325,0.9277940103590099
2021-05-21 18:13:00,0.0,0.9999999468831403,0.03325,0.9277940103590099
2021-05-21 18:14:00,0.0,0.9999999503088067,0.03325,0.9277940103590099
2021-05-21 18:15:00,0.0,0.9999999535135417,0.03325,0.9277940103590099
2021-05-21 18:16:00,0.0,0.9999999565115935,0.03325,0.9277940103590099
2021-05-21 18:17:00,0.0,0.9999999593162919,0.03325,0.9277940103590099
2021-05-21 18:18:00,0.0,0.9999999619401069,0.03325,0.9277940103590099
2021-05-21 18:19:00,0.0,0.9999999643947042,0.03325,0.9277940103590099
2021-05-21 18:20:00,0.0,0.999999966690997,0.03325,0.9277940103590099
2021-05-21 18:21:00,0.0,0.9999999688391951,0.03325,0.9277940103590099
2021-05-21 18:22:00,0.0,0.9999999708488493,0.03325,0.9277940103590099
2021-05-21 18:23:00,0.0,0.9999999727288948,0.03325,0.9277940103590099
2021-05-21 18:24:00,0.0,0.9999999744876906,0.03325,0.9277940103590099
2021-05-21 18:25:00,0.0,0.9999999761330564,0.03325,0.9277940103590099
2021-05-21 18:26:00,0.0,0.9999999776723075,0.03325,0.9277940103590099
2021-05-21 18:27:00,0.0,0.9999999791122878,0.03325,0.9277940103590099
2021-05-21 18:28:00,0.0,0.9999999804593993,0.03325,0.9277940103590099
2021-05-21 18:29:00,0.0,0.9999999817196316,0.03325,0.9277940103590099
2021-05-21 18:30:00,0.0,0.9999999828985876,0.03325,0.9277940103590099
2021-05-21 18:31:00,0.0,0.9999999840015092,0.03325,0.9277940103590099
2021-05-21 18:32:00,0.0,0.9999999850333001,0.03325,0.9277940103590099
2021-05-21 18:33:00,0.0,0.9999999859985477,0.03325,0.9277940103590099
2021-05-21 18:34:00,0.0,0.9999999869015436,0.03325,0.9277940103590099
2021-05-21 18:35:00,0.0,0.9999999877463025,0.03325,0.9277940103590099
2021-05-21 18:36:00,0.0,0.9999999885365803,0.03325,0.9277940103590099
2021-05-21 18:37:00,0.0,0.9999999892758908,0.03325,0.9277940103590099
2021-05-21 18:38:00,0.0,0.9999999899675209,0.03325,0.9277940103590099
2021-05-21 18:39:00,0.0,0.9999999906145458,0.03325,0.9277940103590099
2021-05-21 18:40:00,0.0,0.9999999912198421,0.03325,0.9277940103590099
2021-05-21 18:41:00,0.0,0.9999999917861009,0.03325,0.9277940103590099
2021-05-21 18:42:00,0.0,0.99999999231584,0.03325,0.9277940103590099
2021-05-21 18:43:00,0.0,0.9999999928114147,0.03325,0.9277940103590099
2021-05-21 18:44:00,0.0,0.9999999932750283,0.03325,0.9277940103590099
2021-05-21 18:45:00,0.0,0.999999993708742,0.03325,0.9277940103590099
2021-05-21 18:46:00,0.0,0.9999999941144843,0.03325,0.9277940103590099
2021-05-21 18:47:00,0.0,0.999999994494059,0.03325,0.9277940103590099
2021-05-21 18:48:00,0.0,0.9999999948491537,0.03325,0.9277940103590099
2021-05-21 18:49:00,0.0,0.9999999951813473,0.03325,0.9277940103590099
2021-05-21 18:50:00,0.0,0.9999999954921167,0.03325,0.9277940103590099
2021-05-21 18:51:00,0.0,0.9999999957828437,0.03325,0.9277940103590099
2021-05-21 18:52:00,0.0,0.9999999960548208,0.03325,0.9277940103590099
2021-05-21 18:53:00,0.0,0.9999999963092573,0.03325,0.9277940103590099
2021-05-21 18:54:00,0.0,0.9999999965472844,0.03325,0.9277940103590099
2021-05-21 18:55:00,0.0,0.9999999967699604,0.03325,0.9277940103590099
2021-05-21 18:56:00,0.0,0.9999999969782755,0.03325,0.9277940103590099
2021-05-21 18:57:00,0.0,0.9999999971731556,0.03325,0.9277940103590099
2021-05-21 18:58:00,0.0,0.9999999973554673,0.03325,0.9277940103590099
2021-05-21 18:59:00,0.0,0.9999999975260212,0.03325,0.9277940103590099
2021-05-21 19:00:00,0.0,0.9999999976855756,0.03325,0.9277940103590099
2021-05-21 19:01:00,0.0,0.9999999978348397,0.03325,0.9277940103590099
2021-05-21 19:02:00,0.0,0.9999999979744775,0.03325,0.9277940103590099
2021-05-21 19:03:00,0.0,0.9999999981051095,0.03325,0.9277940103590099
2021-05-21 19:04:00,0.0,0.9999999982273168,0.03325,0.9277940103590099
2021-05-21 19:05:00,0.0,0.9999999983416424,0.03325,0.9277940103590099
2021-05-21 19:06:00,0.0,0.9999999984485949,0.03325,0.9277940103590099
2021-05-21 19:07:00,0.0,0.9999999985486496,0.03325,0.9277940103590099
2021-05-21 19:08:00,0.0,0.9999999986422516,0.03325,0.9277940103590099
2021-05-21 19:09:00,0.0,0.9999999987298169,0.03325,0.9277940103590099
2021-05-21 19:10:00,0.0,0.9999999988117348,0.03325,0.9277940103590099
2021-05-21 19:11:00,0.0,0.9999999988883697,0.03325,0.9277940103590099
2021-05-21 19:12:00,0.0,0.9999999989600621,0.03325,0.9277940103590099
2021-05-21 19:13:00,0.0,0.9999999990271308,0.03325,0.9277940103590099
2021-05-21 19:14:00,0.0,0.999999999089874,0.03325,0.9277940103590099
2021-05-21 19:15:00,0.0,0.9999999991485707,0.03325,0.9277940103590099
2021-05-21 19:16:00,0.0,0.9999999992034819,0.03325,0.9277940103590099
2021-05-21 19:17:00,0.0,0.9999999992548517,0.03325,0.9277940103590099
2021-05-21 19:18:00,0.0,0.9999999993029086,0.03325,0.9277940103590099
2021-05-21 19:19:00,0.0,0.9999999993478661,0.03325,0.9277940103590099
2021-05-21 19:20:00,0.0,0.9999999993899242,0.03325,0.9277940103590099
2021-05-21 19:21:00,0.0,0.9999999994292699,0.03325,0.9277940103590099
2021-05-21 19:22:00,0.0,0.999999999466078,0.03325,0.9277940103590099
2021-05-21 19:23:00,0.0,0.9999999995005122,0.03325,0.9277940103590099
2021-05-21 19:24:00,0.0,0.9999999995327257,0.03325,0.9277940103590099
2021-05-21 19:25:00,0.0,0.9999999995628616,0.03325,0.9277940103590099
2021-05-21 19:26:00,0.0,0.9999999995910539,0.03325,0.9277940103590099
2021-05-21 19:27:00,0.0,0.999999999617428,0.03325,0.9277940103590099
2021-05-21 19:28:00,0.0,0.9999999996421013,0.03325,0.9277940103590099
2021-05-21 19:29:00,0.0,0.9999999996651833,0.03325,0.9277940103590099
2021-05-21 19:30:00,0.0,0.9999999996867767,0.03325,0.9277940103590099
2021-05-21 19:31:00,0.0,0.9999999997069774,0.03325,0.9277940103590099
2021-05-21 19:32:00,0.0,0.9999999997258753,0.03325,0.9277940103590099
2021-05-21 19:33:00,0.0,0.9999999997435544,0.03325,0.9277940103590099
2021-05-21 19:34:00,0.0,0.9999999997600933,0.03325,0.9277940103590099
2021-05-21 19:35:00,0.0,0.9999999997755656,0.03325,0.9277940103590099
2021-05-21 19:36:00,0.0,0.9999999997900401,0.03325,0.9277940103590099
2021-05-21 19:37:00,0.0,0.999999999803581,0.03325,0.9277940103590099
2021-05-21 19:38:00,0.0,0.9999999998162487,0.03325,0.9277940103590099
2021-05-21 19:39:00,0.0,0.9999999998280993,0.03325,0.9277940103590099
2021-05-21 19:40:00,0.0,0.9999999998391856,0.03325,0.9277940103590099
2021-05-21 19:41:00,0.0,0.999999999849557,0.03325,0.9277940103590099
2021-05-21 19:42:00,0.0,0.9999999998592596,0.03325,0.9277940103590099
2021-05-21 19:43:00,0.0,0.9999999998683363,0.03325,0.9277940103590099
2021-05-21 19:44:00,0.0,0.9999999998768277,0.03325,0.9277940103590099
2021-05-21 19:45:00,0.0,0.9999999998847715,0.03325,0.9277940103590099
2021-05-21 19:46:00,0.0,0.9999999998922029,0.03325,0.9277940103590099
2021-05-21 19:47:00,0.0,0.999999999899155,0.03325,0.9277940103590099
2021-05-21 19:48:00,0.0,0.9999999999056588,0.03325,0.9277940103590099
2021-05-21 19:49:00,0.0,0.9999999999117432,0.03325,0.9277940103590099
2021-05-21 19:50:00,0.0,0.9999999999174352,0.03325,0.9277940103590099
2021-05-21 19:51:00,0.0,0.99999999992276,0.03325,0.9277940103590099
2021-05-21 19:52:00,0.0,0.9999999999277415,0.03325,0.9277940103590099
2021-05-21 19:53:00,0.0,0.9999999999324016,0.03325,0.9277940103590099
2021-05-21 19:54:00,0.0,0.9999999999367613,0.03325,0.9277940103590099
2021-05-21 19:55:00,0.0,0.9999999999408397,0.03325,0.9277940103590099
2021-05-21 19:56:00,0.0,0.999999999944655,0.03325,0.9277940103590099
2021-05-21 19:57:00,0.0,0.9999999999482244,0.03325,0.9277940103590099
2021-05-21 19:58:00,0.0,0.9999999999515636,0.03325,0.9277940103590099
2021-05-21 19:59:00,0.0,0.9999999999546875,0.03325,0.9277940103590099
